Workbook

Sheet dashboard_salariu_mediu
A1: Luna | B1: National | C1: Bucuresti | D1: Cluj | E1: Iasi | F1: Ploiesti | G1: Brasov | H1: Constanta | I1: Timisoara | J1: Craiova | K1: Sibiu | L1: Oradea
A2: 43850 | B2: 3189 | C2: 4104 | D2: 3616 | E2: 3107 | F2: 2935 | G2: 2905 | H2: 2945 | I2: 3290 | J2: 2975 | K2: 3228 | L2: 2514
A3: 43881 | B3: 3202 | C3: 4124 | D3: 3662 | E3: 3112 | F3: 3034 | G3: 2909 | H3: 2934 | I3: 3308 | J3: 2992 | K3: 3155 | L3: 2554
A4: 43910 | B4: 3294 | C4: 4393 | D4: 3898 | E4: 3148 | F4: 3080 | G4: 2959 | H4: 2987 | I4: 3397 | J4: 2996 | K4: 3253 | L4: 2556
A5: 43941 | B5: 3182 | C5: 4246 | D5: 3590 | E5: 3031 | F5: 2983 | G5: 2819 | H5: 3007 | I5: 3372 | J5: 2922 | K5: 3185 | L5: 2493
A6: 43971 | B6: 3179 | C6: 4073 | D6: 3816 | E6: 3133 | F6: 3017 | G6: 2817 | H6: 2997 | I6: 3234 | J6: 2901 | K6: 3333 | L6: 2593
A7: 44002 | B7: 3298 | C7: 4258 | D7: 3763 | E7: 3247 | F7: 3052 | G7: 3000 | H7: 3026 | I7: 3479 | J7: 2999 | K7: 3208 | L7: 2658
A8: 44032 | B8: 3372 | C8: 4320 | D8: 3991 | E8: 3389 | F8: 3206 | G8: 2940 | H8: 3022 | I8: 3403 | J8: 3064 | K8: 3297 | L8: 2657
A9: 44063 | B9: 3275 | C9: 4139 | D9: 3871 | E9: 3229 | F9: 3025 | G9: 2953 | H9: 3042 | I9: 3423 | J9: 3103 | K9: 3249 | L9: 2629
A10: 44094 | B10: 3321 | C10: 4218 | D10: 3936 | E10: 3232 | F10: 3104 | G10: 2983 | H10: 3043 | I10: 3421 | J10: 3098 | K10: 3353 | L10: 2666
A11: 44124 | B11: 3343 | C11: 4243 | D11: 3968 | E11: 3277 | F11: 3061 | G11: 2995 | H11: 3032 | I11: 4055 | J11: 3100 | K11: 3419 | L11: 2682
A12: 44155 | B12: 3411 | C12: 4289 | D12: 4058 | E12: 3305 | F12: 3124 | G12: 3152 | H12: 3078 | I12: 4129 | J12: 3111 | K12: 3511 | L12: 2744
A13: 44185 | B13: 3620 | C13: 4716 | D13: 4238 | E13: 3452 | F13: 3323 | G13: 3346 | H13: 3460 | I13: 4446 | J13: 3280 | K13: 3627 | L13: 2781
... A74: 46023 | B74: 5518 | C74: 7073 | D74: 6532 | E74: 5295 | F74: 4985 | G74: 5245 | H74: 4847 | I74: 5904 | J74: 4826 | K74: 5750 | L74: 4524
A75: 46054 | B75: 5557 | C75: 7173 | D75: 6542 | E75: 5230 | F75: 4951 | G75: 5258 | H75: 4788 | I75: 5990 | J75: 4881 | L75: 4640

Sheet Inflatie_vs sal anan
A1: Luna | B1: Inflatie | C1: Evolutie salariu mediu net an/an | D1: DAE credite noi in lei acordate populatiei pentru locuinte
A2: 44216 | B2: 0.0299 | C2: =(dashboard_salariu_mediu!B14-dashboard_salariu_mediu!B2)/dashboard_salariu_mediu!B2 -> 0.064597052 | D2: 0.0487
A3: 44247 | B3: 0.0316 | C3: =(dashboard_salariu_mediu!B15-dashboard_salariu_mediu!B3)/dashboard_salariu_mediu!B3 -> 0.050905684 | D3: 0.0514
A4: 44275 | B4: 0.0305 | C4: =(dashboard_salariu_mediu!B16-dashboard_salariu_mediu!B4)/dashboard_salariu_mediu!B4 -> 0.076806315 | D4: 0.0504
A5: 44306 | B5: 0.0324 | C5: =(dashboard_salariu_mediu!B17-dashboard_salariu_mediu!B5)/dashboard_salariu_mediu!B5 -> 0.11910748 | D5: 0.0482
A6: 44336 | B6: 0.0375 | C6: =(dashboard_salariu_mediu!B18-dashboard_salariu_mediu!B6)/dashboard_salariu_mediu!B6 -> 0.098458635 | D6: 0.0463
A7: 44367 | B7: 0.0394 | C7: =(dashboard_salariu_mediu!B19-dashboard_salariu_mediu!B7)/dashboard_salariu_mediu!B7 -> 0.073681019 | D7: 0.0456
A8: 44397 | B8: 0.0495 | C8: =(dashboard_salariu_mediu!B20-dashboard_salariu_mediu!B8)/dashboard_salariu_mediu!B8 -> 0.051304864 | D8: 0.0425
A9: 44428 | B9: 0.0525 | C9: =(dashboard_salariu_mediu!B21-dashboard_salariu_mediu!B9)/dashboard_salariu_mediu!B9 -> 0.064732824 | D9: 0.0409
A10: 44459 | B10: 0.0629 | C10: =(dashboard_salariu_mediu!B22-dashboard_salariu_mediu!B10)/dashboard_salariu_mediu!B10 -> 0.059018368 | D10: 0.0406
A11: 44489 | B11: 0.0794 | C11: =(dashboard_salariu_mediu!B23-dashboard_salariu_mediu!B11)/dashboard_salariu_mediu!B11 -> 0.060125636 | D11: 0.0394
A12: 44520 | B12: 0.078 | C12: =(dashboard_salariu_mediu!B24-dashboard_salariu_mediu!B12)/dashboard_salariu_mediu!B12 -> 0.068601583 | D12: 0.0407
A13: 44550 | B13: 0.0819 | C13: =(dashboard_salariu_mediu!B25-dashboard_salariu_mediu!B13)/dashboard_salariu_mediu!B13 -> 0.071546961 | D13: 0.04
... A63: 46054 | B63: 0.0931 | C63: =(dashboard_salariu_mediu!B75-dashboard_salariu_mediu!B63)/dashboard_salariu_mediu!B63 -> 0.038497477 | D63: 0.0762
A64: 46082 | B64: 0.0987
